{"FR": [[0.0, 0.7655875299760192, -1.1492805755395683], [0.0, 0.9176646706586825, -1.499008008080225], [0.0, 0.6686746987951806, -1.1996402877697843], [0.0, 0.6646706586826346, -1.1996402877697843], [0.0, 0.6309763145189764, -1.0], [0.0, 0.7670289760971006, -1.150001298600109], [0.0, 0.7655875299760192, -1.1492805755395683], [0.0, 0.7663082530365599, -1.150001298600109], [0.0, 0.7677496991576414, -1.150001298600109], [0.0, 0.7670289760971006, -1.150001298600109], [0.0, 0.7655875299760192, -1.150001298600109], [0.0, 0.7663082530365599, -1.150001298600109]], "FL": [[0.0, 0.7655875299760192, -1.1492805755395683], [0.0, 0.7677496991576414, -1.1507220216606497], [0.0, 0.7677496991576414, -1.1507220216606497], [0.0, 0.7655875299760192, -1.1492805755395683], [0.0, 0.7655875299760192, -1.1492805755395683], [0.0, 0.7677496991576414, -1.1507220216606497], [0.0, 0.7677496991576414, -1.1507220216606497], [0.0, 0.9176646706586825, -1.499008008080225], [0.0, 0.6686746987951806, -1.200361010830325], [0.0, 0.6686746987951806, -1.1996402877697843], [0.0, 0.6309763145189764, -1.0], [0.0, 0.7677496991576414, -1.1507220216606497]], "RR": [[0.0, 0.7655875299760192, -1.1492805755395683], [0.0, 0.7677496991576414, -1.1507220216606497], [0.0, 0.7677496991576414, -1.1507220216606497], [0.0, 0.7655875299760192, -1.1492805755395683], [0.0, 0.7655875299760192, -1.1492805755395683], [0.0, 0.7677496991576414, -1.1507220216606497], [0.0, 0.7677496991576414, -1.1507220216606497], [0.0, 0.9176646706586825, -1.499008008080225], [0.0, 0.6686746987951806, -1.200361010830325], [0.0, 0.6686746987951806, -1.1996402877697843], [0.0, 0.6309763145189764, -1.0], [0.0, 0.7677496991576414, -1.1507220216606497]], "RL": [[0.0, 0.7655875299760192, -1.1492805755395683], [0.0, 0.9176646706586825, -1.499008008080225], [0.0, 0.6686746987951806, -1.1996402877697843], [0.0, 0.6646706586826346, -1.1996402877697843], [0.0, 0.6309763145189764, -1.0], [0.0, 0.7670289760971006, -1.150001298600109], [0.0, 0.7655875299760192, -1.1492805755395683], [0.0, 0.7663082530365599, -1.150001298600109], [0.0, 0.7677496991576414, -1.150001298600109], [0.0, 0.7670289760971006, -1.150001298600109], [0.0, 0.7655875299760192, -1.150001298600109], [0.0, 0.7663082530365599, -1.150001298600109]]}